program_name,career_pathway,program_options,degree_or_certificate,department,image
"Accounting","Business, Management & Entrepreneurship","Degree; Certificate","AA; C-ACH","Business","https://www.lbcc.edu/sites/main/files/imagecache/tile/main-images/tile-accounting.jpg?1577830849"
"Administrative Assistant","Business, Management & Entrepreneurship","Degree; Certificate; Noncredit","AS; C-ACH; C-COMP","Administrative Assistant Customer Support; Administrative Assistant Human Resources Support; Administrative Assistant Office Support; Administrative Assistant Office Technologies; Administrative Assistant Virtual Support","https://www.lbcc.edu/sites/main/files/imagecache/tile/main-images/tile-computer_support_specialist.jpg?1577830849"
"Administration of Justice","Society & Education","Degree; Transfer; Certificate; Noncredit","AA; AS-T; C-ACH; C-ACMP; C-COMP","Administration Justice","https://www.lbcc.edu/sites/main/files/imagecache/tile/main-images/tile-administration_of_justice.jpg?1577830849"
"Advanced Manufacturing Technology","Trades & Service Industry","Degree; Certificate","AS; C-ACH","Advanced Manufacturing","https://www.lbcc.edu/sites/main/files/imagecache/tile/main-images/tile-adv.manufacturing.png?1577830849"
"Advanced Transportation Technology","Trades & Service Industry","Degree; Certificate","AS; C-ACH","Advanced Transportation","https://www.lbcc.edu/sites/main/files/imagecache/tile/main-images/tile-att-electrical_vehicles.jpg?1577830849"
"American Sign Language & Deaf Studies","Arts, Language & Communication","Degree","AA","American Sign Language Deaf Studies","https://www.lbcc.edu/sites/main/files/imagecache/tile/main-images/asl_square_tile.jpg?1630086678"
"Artificial Intelligence","Health, Science & Technology","Degree; Certificate; Noncredit","AS; C-ACMP; C-COMP","Artificial Intelligence","https://www.lbcc.edu/sites/main/files/imagecache/tile/main-images/tile-database_management.jpg?1577830849"
"Anthropology","Society & Education","Degree; Transfer; Certificate","AA-T; C-ACH","Anthropology","https://www.lbcc.edu/sites/main/files/imagecache/tile/main-images/tile-anthropology.jpg?1577830849"
"Applied Design","Arts, Language & Communication","Certificate","C-ACH","Art","https://www.lbcc.edu/sites/main/files/imagecache/tile/main-images/applied_design_program_tile.jpg?1673036902"
"Architecture","Arts, Language & Communication; Trades & Service Industry","Degree; Certificate; Noncredit","AS; C-ACH; C-COMP","Architectural Design; Design Management; Industrial Design; Interior Design","https://www.lbcc.edu/sites/main/files/imagecache/tile/main-images/tile-architectural_design.jpg?1577830849"
"Art","Arts, Language & Communication; Business, Management & Entrepreneurship","Degree; Transfer; Certificate","AA; AA-T; C-ACH","Art","https://www.lbcc.edu/sites/main/files/imagecache/tile/main-images/tile-art.jpg?1577830849"
"Art History","Arts, Language & Communication","Degree; Transfer","AA-T","Art","https://www.lbcc.edu/sites/main/files/imagecache/tile/main-images/art-history-tile.jpg?1651188639"
"Automotive Technology","Trades & Service Industry","Degree; Certificate; Noncredit","AS; C-ACH; C-ACMP; C-COMP","Automotive Technology","https://www.lbcc.edu/sites/main/files/imagecache/tile/main-images/tile-automotive_tech.jpg?1577830849"
"Baking & Pastry Arts","Trades & Service Industry","Degree; Certificate; Noncredit","AS; C-ACH; C-COMP","Baking Pastry Arts","https://www.lbcc.edu/sites/main/files/imagecache/tile/main-images/tile-culinary_arts.jpg?1577830849"
"Biology","Health, Science & Technology","Degree; Transfer","AS-T","Biological Sciences","https://www.lbcc.edu/sites/main/files/imagecache/tile/main-images/tile-biology.jpg?1577830849"
"Business Administration","Business, Management & Entrepreneurship","Degree; Transfer","AS-T","Business","https://www.lbcc.edu/sites/main/files/imagecache/tile/main-images/tile-business_administration.jpg?1577830849"
"Business Information Worker","Business, Management & Entrepreneurship; Health, Science & Technology","Certificate; Noncredit","C-ACH; C-ACMP; C-COMP","Business Information Worker","https://www.lbcc.edu/sites/main/files/imagecache/tile/main-images/tile-business_information_worker.jpg?1577830849"
"Child Development: Early Childhood Education","Society & Education","Degree; Transfer; Certificate; Noncredit","AA; AS-T; C-ACH; C-ACMP; C-COMP","Child Development Early Childhood Education","https://www.lbcc.edu/sites/main/files/imagecache/tile/main-images/hero-early_childhood_education_0.png?1577830849"
"Cloud Computing","Health, Science & Technology","Degree; Certificate","AS; C-ACH","Computer Security Networking","https://www.lbcc.edu/sites/main/files/imagecache/tile/main-images/cloud_computing_tile.jpg?1669933385"
"College & Workplace Readiness","Arts, Language & Communication; Society & Education","Certificate; Noncredit","C-COMP; C-COMPETENCY","Counseling Student Development; English Second Language; Foundational Skills; Reading","https://www.lbcc.edu/sites/main/files/imagecache/tile/main-images/tile-college_prep.jpg?1577830849"
"Comics & Animation","Arts, Language & Communication","Certificate","C-ACH","Digital Media Arts","https://www.lbcc.edu/sites/main/files/imagecache/tile/main-images/comics_animation_square_tile.jpg?1695933167"
"Commercial Music","Arts, Language & Communication","Certificate","C-ACH","Music","https://www.lbcc.edu/sites/main/files/imagecache/tile/main-images/commercial_music_tile.jpg?1676502510"
"Communication Studies","Arts, Language & Communication","Degree; Certificate","AA; C-ACH","Communication Studies","https://www.lbcc.edu/sites/main/files/imagecache/tile/main-images/comm.jpeg?1577830849"
"Computer Aided Design – Mechanical","Health, Science & Technology","Degree; Certificate","AS; C-ACH","Computer Aided Design Mechanical","https://www.lbcc.edu/sites/main/files/imagecache/tile/main-images/tile-drafting_mechanics.jpg?1577830849"
"Computer Science","Business, Management & Entrepreneurship; Health, Science & Technology","Degree; Certificate","AS; C-ACH; C-ACMP","Computer Science","https://www.lbcc.edu/sites/main/files/imagecache/tile/main-images/tile-computer_science.jpg?1577830849"
"Computer Security & Networking","Health, Science & Technology","Degree; Certificate","AS; C-ACH; C-ACMP","Computer Security Networking","https://www.lbcc.edu/sites/main/files/imagecache/tile/main-images/tile-computer_security__networking.jpg?1577830849"
"Computer Technology","Health, Science & Technology","Degree; Certificate; Noncredit","AS; C-ACH; C-ACMP; C-COMP","Computer Technology","https://www.lbcc.edu/sites/main/files/imagecache/tile/main-images/tile-engineering.jpg?1577830849"
"Construction Technology","Trades & Service Industry","Degree; Certificate; Noncredit","AS; C-ACH; C-COMP","Construction Technology","https://www.lbcc.edu/sites/main/files/imagecache/tile/main-images/tile-construction_tech.jpg?1577830849"
"Counseling & Student Support Services","Society & Education","Certificate; Noncredit","C-COMP; C-COMPETENCY","Counseling Student Development","https://www.lbcc.edu/sites/main/files/imagecache/tile/main-images/counseling-student-dev-tile.jpg?1648673230"
"Culinary Arts","Trades & Service Industry","Degree; Certificate; Noncredit","AS; C-ACH; C-COMP","Culinary Arts","https://www.lbcc.edu/sites/main/files/imagecache/tile/main-images/culinaryarts_tile.jpg?1635804262"
"Cybersecurity","Health, Science & Technology","Degree; Certificate","AS; C-ACH; C-ACMP","Computer Security Networking","https://www.lbcc.edu/sites/main/files/imagecache/tile/main-images/cybersecurity_tile.jpg?1684349324"
"Dance","Arts, Language & Communication","Degree; Certificate","AA; C-ACH","Dance","https://www.lbcc.edu/sites/main/files/imagecache/tile/main-images/arlene.jpg?1577830849"
"Data Analytics","Business, Management & Entrepreneurship","Degree; Certificate","AS; C-ACH","Data Analytics","https://www.lbcc.edu/sites/main/files/imagecache/tile/main-images/tile-computer_science.jpg?1577830849"
"Database Management","Health, Science & Technology","Certificate","C-ACMP","Database Management","https://www.lbcc.edu/sites/main/files/imagecache/tile/main-images/tile-database_management.jpg?1577830849"
"Diagnostic Medical Imaging (Radiology & X-ray)","Health, Science & Technology","Degree; Certificate","AS; C-ACH; C-ACMP","Diagnostic Medical Imaging","https://www.lbcc.edu/sites/main/files/imagecache/tile/main-images/tile-diagnostic_medical_imaging.jpg?1577830849"
"Digital Design & Publication","Arts, Language & Communication","Degree; Certificate; Noncredit","AA; AS; C-ACH; C-COMP","Design Management; Digital Media Arts; Fashion Design","https://www.lbcc.edu/sites/main/files/imagecache/tile/main-images/tile-digital_design__publication.jpg?1577830849"
"Digital Media Arts","Arts, Language & Communication","Degree; Certificate","AA; C-ACH","Digital Media Arts","https://www.lbcc.edu/sites/main/files/imagecache/tile/main-images/tile-digital_media_art.jpg?1577830849"
"Economics","Business, Management & Entrepreneurship","Degree; Transfer; Certificate","AA-T; C-ACH","Business","https://www.lbcc.edu/sites/main/files/imagecache/tile/main-images/tile-economics.jpg?1577830849"
"Electrical Technology","Trades & Service Industry","Degree; Certificate; Noncredit","AS; C-ACH; C-ACMP; C-COMP","Electrical Technology; Electrical Technology Automation Technician; Electrical Technology CISCO Certified Network Installation Associate; Electrical Technology General Industrial Electrician; Electrical Technology High Voltage Test Technician; Electrical Technology Solar Installation Maintenance; Electrical Technology Traffic Signal Technician","https://www.lbcc.edu/sites/main/files/imagecache/tile/main-images/tile-electrical_technology.jpg?1577830849"
"Elementary Teacher Education","Society & Education","Degree; Transfer; Certificate; Noncredit","AA-T; C-ACH; C-COMPETENCY","Elementary Teacher Education","https://www.lbcc.edu/sites/main/files/imagecache/tile/main-images/tile-elementary_teacher_education.jpg?1577830849"
"Emergency Medical Technician","Health, Science & Technology","Certificate","C-ACMP","Medical Assisting Program","https://www.lbcc.edu/sites/main/files/imagecache/tile/main-images/emergency_medical_technician.jpg?1577830849"
"Engineering","Health, Science & Technology","Degree","AS","Engineering","https://www.lbcc.edu/sites/main/files/imagecache/tile/main-images/tile-engineering-new.jpg?1577830849"
"Engineering Technology","Health, Science & Technology","Degree; Certificate","AS; C-ACH","Engineering Technology","https://www.lbcc.edu/sites/main/files/imagecache/tile/main-images/tile-engineering-new.jpg?1577830849"
"English","Arts, Language & Communication","Degree; Transfer","AA; AA-T","English","https://www.lbcc.edu/sites/main/files/imagecache/tile/main-images/tile-english.jpg?1577830849"
"English, Creative Writing","Arts, Language & Communication","Degree","AA","English","https://www.lbcc.edu/sites/main/files/imagecache/tile/main-images/creative_writing_square_tile.jpg?1630088781"
"English, Language & Literature","Arts, Language & Communication","Degree","AA","English","https://www.lbcc.edu/sites/main/files/imagecache/tile/main-images/language_lit_square_tile.jpg?1630089475"
"English as a Second Language","Arts, Language & Communication","Certificate; Noncredit","C-COMPETENCY","English Second Language","https://www.lbcc.edu/sites/main/files/imagecache/tile/main-images/tile-esl.jpg?1631201109"
"Fashion","Arts, Language & Communication; Business, Management & Entrepreneurship","Degree; Certificate; Noncredit","AS; C-ACH; C-COMP","Fashion Design; Fashion Merchandising","https://www.lbcc.edu/sites/main/files/imagecache/tile/main-images/tile-fashion_design.jpg?1577830849"
"Film & Film Studies","Arts, Language & Communication","Degree; Transfer; Certificate","AS-T; C-ACH","Film Production; Film Television Electronic Media","https://www.lbcc.edu/sites/main/files/imagecache/tile/main-images/tile-film.jpg?1577830849"
"Financial Literacy","Business, Management & Entrepreneurship","Certificate; Noncredit","C-COMPETENCY","Financial Literacy","https://www.lbcc.edu/sites/main/files/imagecache/tile/main-images/fit_lit_tile.jpg?1646094334"
"Fire Science","Trades & Service Industry","Degree; Certificate","AS; C-ACH","Fire Science","https://www.lbcc.edu/sites/main/files/imagecache/tile/main-images/tile-fire_science.jpg?1577830849"
"Foundational Skills","Society & Education","Certificate; Noncredit","C-COMPETENCY","Foundational Skills","https://www.lbcc.edu/sites/main/files/imagecache/tile/main-images/foundational_skills_tile.jpg?1659560560"
"Game Design","Arts, Language & Communication","Certificate","C-ACH","Digital Media Arts","https://www.lbcc.edu/sites/main/files/imagecache/tile/main-images/game_design_tile_0.jpg?1678301997"
"GED/HiSET Preparation","Society & Education","Certificate; Noncredit","C-COMPETENCY","Ged Hiset Preparation","https://www.lbcc.edu/sites/main/files/imagecache/tile/main-images/ged_tile.jpg?1659560810"
"GED/HiSET Preparación Español","Society & Education","Certificate; Noncredit","C-COMPETENCY","Ged Hiset Preparation","https://www.lbcc.edu/sites/main/files/imagecache/tile/main-images/ged_spanishtile.jpg?1659560984"
"General Business","Business, Management & Entrepreneurship","Degree; Transfer; Certificate; Noncredit","AA; AA-T; AS-T; C-ACH; C-ACMP; C-COMP","Business","https://www.lbcc.edu/sites/main/files/imagecache/tile/main-images/tile-general_business.jpg?1577830849"
"General Education","","","","","https://www.lbcc.edu/sites/main/files/imagecache/tile/main-images/ge-tile.jpg?1648673313"
"Geography","Health, Science & Technology","Degree; Transfer; Certificate","AA-T; C-ACMP","Geography","https://www.lbcc.edu/sites/main/files/imagecache/tile/main-images/tile-geography.jpg?1577830849"
"Geology","Health, Science & Technology","Degree; Transfer","AS-T","Geology","https://www.lbcc.edu/sites/main/files/imagecache/tile/main-images/tile-geology.jpg?1577830849"
"Global Studies","Society & Education","Degree; Transfer","AA-T","Global Studies","https://www.lbcc.edu/sites/main/files/imagecache/tile/main-images/globalstudies_tile.jpg?1637711380"
"Global Trade & Logistics","Business, Management & Entrepreneurship","Degree; Certificate","AA; C-ACH","Business","https://www.lbcc.edu/sites/main/files/imagecache/tile/main-images/tile-international_business.jpg?1577830849"
"History","Society & Education","Degree; Transfer","AA-T","History","https://www.lbcc.edu/sites/main/files/imagecache/tile/main-images/tile-history.jpg?1577830849"
"Homeland Security","Society & Education","Certificate; Noncredit","C-ACMP; C-COMP","Administration Justice","https://www.lbcc.edu/sites/main/files/imagecache/tile/main-images/homeland_security_tile.jpg?1681760035"
"Horticulture","Health, Science & Technology","Degree; Certificate","AS; C-ACH","Horticulture","https://www.lbcc.edu/sites/main/files/imagecache/tile/main-images/tile-horticulture.jpg?1577830849"
"Hospitality Management","Business, Management & Entrepreneurship","Degree; Transfer","AS-T","Hospitality Management","https://www.lbcc.edu/sites/main/files/imagecache/tile/main-images/hospitality_management_tile.jpg?1682029234"
"Human Services Addiction Studies","Society & Education","Degree; Transfer; Certificate; Noncredit","AA; AA-T; C-ACH; C-COMP","Social Work","https://www.lbcc.edu/sites/main/files/imagecache/tile/main-images/alcdrugstudies.jpeg?1630102526"
"Jewelry & Metalsmithing","Business, Management & Entrepreneurship","Certificate","C-ACH","Art","https://www.lbcc.edu/sites/main/files/imagecache/tile/main-images/jewelry__metalsmithing_program_tile.jpg?1673037336"
"Journalism","Arts, Language & Communication","Degree; Transfer; Certificate","AA; AA-T; C-ACH","Journalism","https://www.lbcc.edu/sites/main/files/imagecache/tile/main-images/tile-journalism.jpg?1577830849"
"Kinesiology","Health, Science & Technology","Degree; Transfer; Certificate","AA; AA-T; C-ACH; C-ACMP","Kinesiology","https://www.lbcc.edu/sites/main/files/imagecache/tile/main-images/tile-kinesiology.jpg?1577830849"
"Library Technician","Society & Education","Degree; Certificate; Noncredit","AS; C-ACH; C-ACMP; C-COMP; C-COMPETENCY","Library Technician","https://www.lbcc.edu/sites/main/files/imagecache/tile/main-images/tile-library_technician.jpg?1577830849"
"Linguistics","Arts, Language & Communication","Degree","AA","Linguistics","https://www.lbcc.edu/sites/main/files/imagecache/tile/main-images/tile-linguistics.jpg?1577830849"
"Management","Business, Management & Entrepreneurship","Degree; Certificate","AA; C-ACH","Business","https://www.lbcc.edu/sites/main/files/imagecache/tile/main-images/tile-management.jpg?1577830849"
"Marketing","Business, Management & Entrepreneurship","Degree; Certificate","AA; C-ACH","Business","https://www.lbcc.edu/sites/main/files/imagecache/tile/main-images/tile-marketing.jpg?1577830849"
"Mathematics","Health, Science & Technology","Degree; Transfer; Certificate; Noncredit","AS; AS-T; C-COMPETENCY","Mathematics","https://www.lbcc.edu/sites/main/files/imagecache/tile/main-images/tile-mathematics.jpg?1577830849"
"Medical Assisting","Health, Science & Technology","Degree; Certificate","AS; C-ACH; C-ACMP","Medical Assisting Program","https://www.lbcc.edu/sites/main/files/imagecache/tile/main-images/tile-medical_assisting.jpg?1577830849"
"Metal Fabrication Technology","Trades & Service Industry","Degree; Certificate; Noncredit","AS; C-ACH; C-COMP","Metal Fabrication Technology","https://www.lbcc.edu/sites/main/files/imagecache/tile/main-images/tile-metal_fabrication.jpg?1577830849"
"Music","Arts, Language & Communication","Degree; Transfer; Certificate","AA; AA-T; C-ACH","Music","https://www.lbcc.edu/sites/main/files/imagecache/tile/main-images/tile-music.jpg?1577830849"
"Nursing: LVN to RN","Health, Science & Technology","Degree; Certificate","AS; C-ACH","Nursing Lvn Rn Career Ladder Program","https://www.lbcc.edu/sites/main/files/imagecache/tile/main-images/image_37690603441476471298709.png?1577830849"
"Nursing: Registered Nursing (RN)","Health, Science & Technology","Degree","AS","Registered Nursing","https://www.lbcc.edu/sites/main/files/imagecache/tile/main-images/nursing.jpeg?1577830849"
"Nursing: Vocational","Health, Science & Technology","Degree; Certificate","AS; C-ACH; C-ACMP","Nursing Vocational Practical","https://www.lbcc.edu/sites/main/files/imagecache/tile/main-images/vngrads16_11.jpg?1577830849"
"Nutrition & Dietetics","Health, Science & Technology","Degree; Transfer; Certificate; Noncredit","AA; AS; AS-T; C-ACH; C-COMP","Nutrition Dietetics","https://www.lbcc.edu/sites/main/files/imagecache/tile/main-images/tile-dietetics.jpg?1577830849"
"Philosophy","Society & Education","Degree; Transfer","AA-T","Philosophy","https://www.lbcc.edu/sites/main/files/imagecache/tile/main-images/tile-philosophy.jpg?1577830849"
"Photography","Arts, Language & Communication","Degree; Certificate","AA; C-ACH","Digital Media Arts","https://www.lbcc.edu/sites/main/files/imagecache/tile/main-images/photography_program_tile.jpg?1673467588"
"Physical Sciences","Health, Science & Technology","Degree; Transfer; Certificate","AS; AS-T; AS-T (UC Transfer); C-ACH","Physical Sciences","https://www.lbcc.edu/sites/main/files/imagecache/tile/main-images/tile-physical_science.jpg?1577830849"
"Physics","Health, Science & Technology","Degree; Transfer","AS-T; AS-T (UC Transfer)","Physical Sciences","https://www.lbcc.edu/sites/main/files/imagecache/tile/main-images/physics_tile.jpg?1645140097"
"Political Science","Society & Education","Degree; Transfer","AA-T","Political Science","https://www.lbcc.edu/sites/main/files/imagecache/tile/main-images/tile-political_science.jpg?1577830849"
"Psychology","Society & Education","Degree; Transfer","AA-T","Psychology","https://www.lbcc.edu/sites/main/files/imagecache/tile/main-images/tile-psychology.jpg?1577830849"
"Public Health","Health, Science & Technology; Society & Education","Degree; Transfer; Certificate","AS-T; C-ACH","Public Health Ast; Public Health Science","https://www.lbcc.edu/sites/main/files/imagecache/tile/main-images/public-health-tile.jpg?1577830849"
"Reading","Society & Education","Certificate; Noncredit","C-COMP; C-COMPETENCY","Reading","https://www.lbcc.edu/sites/main/files/imagecache/tile/main-images/reading_square_tile.jpg?1630079557"
"Real Estate","Business, Management & Entrepreneurship","Certificate","C-ACMP","Business","https://www.lbcc.edu/sites/main/files/imagecache/tile/main-images/tile-real_estate.jpg?1577830849"
"Social Justice Studies","Society & Education","Degree; Transfer","AA-T","Social Justice Studies","https://www.lbcc.edu/sites/main/files/imagecache/tile/main-images/social_justice_tile.jpg?1650918460"
"Social Work","Society & Education","Degree; Transfer; Certificate; Noncredit","AA; AA-T; C-ACH; C-COMP","Social Work","https://www.lbcc.edu/sites/main/files/imagecache/tile/main-images/human_services.jpeg?1577830849"
"Sociology","Society & Education","Degree; Transfer; Certificate","AA-T; C-ACH","Sociology","https://www.lbcc.edu/sites/main/files/imagecache/tile/main-images/tile-sociology.jpg?1577830849"
"Spatial Design","Arts, Language & Communication; Trades & Service Industry","Degree; Certificate; Noncredit","AS; C-ACH; C-COMP","Architectural Design; Industrial Design; Interior Design","https://www.lbcc.edu/sites/main/files/imagecache/tile/main-images/tile-architectural_design.jpg?1577830849"
"TEAS Preparation","Health, Science & Technology","Certificate; Noncredit","C-COMPETENCY","Teas Preparation","https://www.lbcc.edu/sites/main/files/imagecache/tile/main-images/teas_tile.jpg?1646096878"
"Television & Emerging Media","Arts, Language & Communication","Degree; Transfer; Certificate","AA; AS-T; C-ACH","Film Production; Film Television Electronic Media; Television Broadcast News; Television Performance; Television Producer; Television Sports Broadcasting","https://www.lbcc.edu/sites/main/files/imagecache/tile/main-images/tile-radiotv_0.jpg?1577830849"
"Theater Arts, General & Acting Academy","Arts, Language & Communication","Degree; Transfer; Certificate","AA; AA-T; C-ACH","Theatre Arts","https://www.lbcc.edu/sites/main/files/imagecache/tile/main-images/tile-theater_arts.jpg?1577830849"
"Web Development","Business, Management & Entrepreneurship","Degree; Certificate","AS; C-ACH","Web Development","https://www.lbcc.edu/sites/main/files/imagecache/tile/main-images/tile-web_development.jpg?1577830849"
"Welding Technology","Trades & Service Industry","Degree; Certificate; Noncredit","AS; C-ACH; C-COMP","Welding Technology","https://www.lbcc.edu/sites/main/files/imagecache/tile/main-images/tile-welding_technology.jpg?1577830849"
"World Languages","Arts, Language & Communication; Health, Science & Technology","Degree; Transfer; Certificate","AA; AA-T; C-ACH; C-ACMP","World Languages","https://www.lbcc.edu/sites/main/files/imagecache/tile/main-images/tile-foreign_language.jpg?1577830849"
